CV1,CV2,CV3,dom
0.0489592000339992,0.280680533238883,0.12308782348932,DOM1
