CV1,CV2,CV3,CV4,CV5,CV6,dom
0.0628563900115521,0.0685692887193417,0.0671993448135142,0.0805594824240493,0.453335565547904,0.231904605364749,DOM1
0.0708274495930262,0.0614073190206695,0.0678589639743693,0.079242183650568,0.464226636022444,0.237095703326808,DOM2
0.0525742924992154,0.0507041129723847,0.0418569695581908,0.0678940605161376,0.252118029644528,0.2183111235877,DOM3
