CV1,CV2,CV3,dom
0.0173065440073427,0.103813465957812,0.0525163090867488,DOM1
