CV1,CV2,CV3,CV4,dom
0.0555274581501059,0.0574291072558502,0.0938412643294328,0.0926097440559522,DOM1
0.0944456265896806,0.10337950168443,0.101925877898673,0.10760969792958,DOM2
0.0761452782044878,0.06669144595244,0.102920343044696,0.115129293157708,DOM3
0.04678364640625,0.110229061010317,0.095994464487614,0.103196976968355,DOM4
0.0903986507478227,0.0847633727019482,0.0949673929518197,0.0903652642961481,DOM5
