CV1,CV2,CV3,CV4,dom
0.0562715365876993,0.060134956321694,0.09693416873387,0.0959613209950874,DOM1
0.0890718764731172,0.0928771757135128,0.088768564930207,0.0841604003914087,DOM2
0.070321604924553,0.0522119681882576,0.0956511238186632,0.0996772372724162,DOM3
0.0405680484906346,0.0955535741159147,0.08673278154165,0.0992405303681317,DOM4
0.0900052316208705,0.0779092669771434,0.0940275975113522,0.0895332316152881,DOM5
