CV1,CV2,CV3,dom
0.0185754036289371,0.0982337799319253,0.0524901419725704,DOM1
