CV1,CV2,CV3,dom
0.0246754144398277,0.09401363373728,0.0461988011654236,DOM1
