CV1,CV2,CV3,CV4,dom
0.0678700718108239,0.0576771527575183,0.0653470188672016,0.082294694754665,DOM1
0.0632830651916109,0.0590042794041241,0.066798722079467,0.0898110418887148,DOM2
0.0677648851080049,0.066637885178027,0.0701628158191417,0.0944147861956132,DOM3
